id,carbohydrates,proteins,vita,vitb,vitc,fats
CorianderLeaves,6,3,6918,0.91,135,0.6
wheat,71,2,64,6,0,2
jowar,73,10,47,3.6,0,2
drychilles,32,16,345,11,50,6
cookingoil,0,0,0,0,0,100
ginger,12,2,40,1,6,1
spinach,3,2,5580,1,28,1
almond,11,21,0,5,0,59
cashewnut,22,21,60,2,0,47
egg,0,13,420,1,78,13
mosambi,9,1,0,0,50,0
cauliflower,4,3,30,1,56,0
pineapple,11,0,18,0,39,0
tomato,4,1,192,0,31,0
ladyfinger,6,2,52,0,13,0
papaya,7,1,666,0,57,0
maize,66,1,90,2,0,4
banana,27,1,78,1,7,0
turmeric,70,6,30,2,0,5
pomegranate,14,2,0,0,16,0
jackfruit,20,2,175,1,7,0
whiterice,77,8,2,4,0,1
bittergourd,0,4,126,1,88,2
amla,14,1,9,0,600,0
